,path
0,val_3760.JPEG
1,val_9503.JPEG
2,val_6330.JPEG
3,val_8698.JPEG
4,val_9229.JPEG
5,val_7550.JPEG
6,val_5215.JPEG
7,val_1052.JPEG
8,val_2113.JPEG
9,val_2914.JPEG
10,val_8759.JPEG
11,val_9848.JPEG
12,val_1430.JPEG
13,val_7777.JPEG
14,val_4448.JPEG
15,val_4709.JPEG
16,val_4484.JPEG
17,val_9606.JPEG
18,val_5615.JPEG
19,val_4189.JPEG
20,val_2177.JPEG
21,val_8454.JPEG
22,val_9545.JPEG
23,val_8871.JPEG
24,val_591.JPEG
25,val_4692.JPEG
26,val_134.JPEG
27,val_5838.JPEG
28,val_4232.JPEG
29,val_2175.JPEG
30,val_1799.JPEG
31,val_4751.JPEG
32,val_6867.JPEG
33,val_4054.JPEG
34,val_6139.JPEG
35,val_3500.JPEG
36,val_4618.JPEG
37,val_7123.JPEG
38,val_1038.JPEG
39,val_8784.JPEG
40,val_1322.JPEG
41,val_7673.JPEG
42,val_2426.JPEG
43,val_7588.JPEG
44,val_3272.JPEG
45,val_6104.JPEG
46,val_4707.JPEG
47,val_3622.JPEG
48,val_7761.JPEG
49,val_3194.JPEG
50,val_2978.JPEG
51,val_2701.JPEG
52,val_9841.JPEG
53,val_6845.JPEG
54,val_306.JPEG
55,val_162.JPEG
56,val_9945.JPEG
57,val_4923.JPEG
58,val_6568.JPEG
59,val_6962.JPEG
60,val_945.JPEG
61,val_1622.JPEG
62,val_5562.JPEG
63,val_533.JPEG
64,val_2062.JPEG
65,val_8167.JPEG
66,val_7296.JPEG
67,val_1540.JPEG
68,val_4595.JPEG
69,val_3386.JPEG
70,val_8593.JPEG
71,val_156.JPEG
72,val_414.JPEG
73,val_1924.JPEG
74,val_8.JPEG
75,val_2306.JPEG
76,val_1655.JPEG
77,val_8053.JPEG
78,val_2519.JPEG
79,val_961.JPEG
80,val_3970.JPEG
81,val_8047.JPEG
82,val_1079.JPEG
83,val_5873.JPEG
84,val_3422.JPEG
85,val_5829.JPEG
86,val_7077.JPEG
87,val_561.JPEG
88,val_7041.JPEG
89,val_1823.JPEG
90,val_645.JPEG
91,val_6696.JPEG
92,val_3835.JPEG
93,val_1111.JPEG
94,val_1344.JPEG
95,val_9633.JPEG
96,val_9208.JPEG
97,val_4124.JPEG
98,val_7546.JPEG
99,val_7988.JPEG
100,val_9234.JPEG
101,val_1198.JPEG
102,val_4162.JPEG
103,val_7929.JPEG
104,val_3700.JPEG
105,val_724.JPEG
106,val_4148.JPEG
107,val_8223.JPEG
108,val_988.JPEG
109,val_385.JPEG
110,val_9961.JPEG
111,val_1019.JPEG
112,val_8063.JPEG
113,val_2319.JPEG
114,val_8987.JPEG
115,val_8542.JPEG
116,val_2028.JPEG
117,val_6396.JPEG
118,val_7159.JPEG
119,val_6871.JPEG
120,val_2005.JPEG
121,val_2035.JPEG
122,val_7234.JPEG
123,val_7130.JPEG
124,val_9710.JPEG
125,val_5507.JPEG
126,val_2948.JPEG
127,val_2408.JPEG
128,val_8786.JPEG
129,val_3660.JPEG
130,val_5382.JPEG
131,val_9292.JPEG
132,val_2647.JPEG
133,val_7000.JPEG
134,val_3260.JPEG
135,val_1292.JPEG
136,val_2394.JPEG
137,val_2512.JPEG
138,val_7325.JPEG
139,val_1879.JPEG
140,val_9361.JPEG
141,val_5730.JPEG
142,val_2099.JPEG
143,val_1098.JPEG
144,val_8794.JPEG
145,val_5533.JPEG
146,val_915.JPEG
147,val_8923.JPEG
148,val_6712.JPEG
149,val_7451.JPEG
150,val_8028.JPEG
151,val_9649.JPEG
152,val_7372.JPEG
153,val_4166.JPEG
154,val_9828.JPEG
155,val_2364.JPEG
156,val_4805.JPEG
157,val_7290.JPEG
158,val_9947.JPEG
159,val_4459.JPEG
160,val_9391.JPEG
161,val_3705.JPEG
162,val_1956.JPEG
163,val_3275.JPEG
164,val_8397.JPEG
165,val_8850.JPEG
166,val_8852.JPEG
167,val_6375.JPEG
168,val_1959.JPEG
169,val_7849.JPEG
170,val_9151.JPEG
171,val_7450.JPEG
172,val_3363.JPEG
173,val_4203.JPEG
174,val_2104.JPEG
175,val_9119.JPEG
176,val_8014.JPEG
177,val_5102.JPEG
178,val_8785.JPEG
179,val_9747.JPEG
180,val_7922.JPEG
181,val_4582.JPEG
182,val_965.JPEG
183,val_5572.JPEG
184,val_2084.JPEG
185,val_8286.JPEG
186,val_3097.JPEG
187,val_9504.JPEG
188,val_8111.JPEG
189,val_5583.JPEG
190,val_741.JPEG
191,val_4378.JPEG
192,val_1677.JPEG
193,val_2224.JPEG
194,val_6677.JPEG
195,val_9412.JPEG
196,val_9.JPEG
197,val_9563.JPEG
198,val_6403.JPEG
199,val_6140.JPEG
200,val_4380.JPEG
201,val_4266.JPEG
202,val_9626.JPEG
203,val_2340.JPEG
204,val_6548.JPEG
205,val_5628.JPEG
206,val_233.JPEG
207,val_5606.JPEG
208,val_1971.JPEG
209,val_6034.JPEG
210,val_5333.JPEG
211,val_4099.JPEG
212,val_8560.JPEG
213,val_532.JPEG
214,val_9556.JPEG
215,val_6619.JPEG
216,val_8975.JPEG
217,val_4659.JPEG
218,val_9809.JPEG
219,val_2977.JPEG
220,val_3255.JPEG
221,val_2182.JPEG
222,val_3559.JPEG
223,val_8254.JPEG
224,val_7148.JPEG
225,val_1561.JPEG
226,val_4899.JPEG
227,val_5952.JPEG
228,val_3270.JPEG
229,val_393.JPEG
230,val_5860.JPEG
231,val_7149.JPEG
232,val_6117.JPEG
233,val_6079.JPEG
234,val_6128.JPEG
235,val_8752.JPEG
236,val_5998.JPEG
237,val_659.JPEG
238,val_8938.JPEG
239,val_1028.JPEG
240,val_8263.JPEG
241,val_482.JPEG
242,val_9939.JPEG
243,val_2888.JPEG
244,val_2912.JPEG
245,val_891.JPEG
246,val_1057.JPEG
247,val_8562.JPEG
248,val_4107.JPEG
249,val_6559.JPEG
250,val_8021.JPEG
251,val_4841.JPEG
252,val_4741.JPEG
253,val_2951.JPEG
254,val_5119.JPEG
255,val_6183.JPEG
256,val_1074.JPEG
257,val_5746.JPEG
258,val_7225.JPEG
259,val_8039.JPEG
260,val_5147.JPEG
261,val_5668.JPEG
262,val_3451.JPEG
263,val_1508.JPEG
264,val_4908.JPEG
265,val_2356.JPEG
266,val_1205.JPEG
267,val_7778.JPEG
268,val_8635.JPEG
269,val_4005.JPEG
270,val_4469.JPEG
271,val_6050.JPEG
272,val_7603.JPEG
273,val_574.JPEG
274,val_2678.JPEG
275,val_1957.JPEG
276,val_820.JPEG
277,val_3345.JPEG
278,val_440.JPEG
279,val_8973.JPEG
280,val_7657.JPEG
281,val_1228.JPEG
282,val_7156.JPEG
283,val_7474.JPEG
284,val_316.JPEG
285,val_1023.JPEG
286,val_7461.JPEG
287,val_7632.JPEG
288,val_101.JPEG
289,val_471.JPEG
290,val_7760.JPEG
291,val_6719.JPEG
292,val_5653.JPEG
293,val_9716.JPEG
294,val_4115.JPEG
295,val_995.JPEG
296,val_2031.JPEG
297,val_6796.JPEG
298,val_6053.JPEG
299,val_9605.JPEG
300,val_7571.JPEG
301,val_7813.JPEG
302,val_6187.JPEG
303,val_3747.JPEG
304,val_3446.JPEG
305,val_1974.JPEG
306,val_2051.JPEG
307,val_7426.JPEG
308,val_8902.JPEG
309,val_9568.JPEG
310,val_1274.JPEG
311,val_3044.JPEG
312,val_5794.JPEG
313,val_5387.JPEG
314,val_9571.JPEG
315,val_3589.JPEG
316,val_6057.JPEG
317,val_1723.JPEG
318,val_4579.JPEG
319,val_3757.JPEG
320,val_1714.JPEG
321,val_3480.JPEG
322,val_1003.JPEG
323,val_6218.JPEG
324,val_9053.JPEG
325,val_3590.JPEG
326,val_6893.JPEG
327,val_4647.JPEG
328,val_830.JPEG
329,val_7877.JPEG
330,val_130.JPEG
331,val_4714.JPEG
332,val_7169.JPEG
333,val_1472.JPEG
334,val_389.JPEG
335,val_4981.JPEG
336,val_740.JPEG
337,val_3392.JPEG
338,val_1937.JPEG
339,val_7019.JPEG
340,val_3205.JPEG
341,val_108.JPEG
342,val_4828.JPEG
343,val_5434.JPEG
344,val_4972.JPEG
345,val_949.JPEG
346,val_826.JPEG
347,val_8493.JPEG
348,val_465.JPEG
349,val_6670.JPEG
350,val_9634.JPEG
351,val_4903.JPEG
352,val_9676.JPEG
353,val_2795.JPEG
354,val_6923.JPEG
355,val_6406.JPEG
356,val_9720.JPEG
357,val_1032.JPEG
358,val_9881.JPEG
359,val_1735.JPEG
360,val_5219.JPEG
361,val_4588.JPEG
362,val_7361.JPEG
363,val_5994.JPEG
364,val_1930.JPEG
365,val_291.JPEG
366,val_1293.JPEG
367,val_3238.JPEG
368,val_2366.JPEG
369,val_9173.JPEG
370,val_3556.JPEG
371,val_9980.JPEG
372,val_1218.JPEG
373,val_5534.JPEG
374,val_3086.JPEG
375,val_8142.JPEG
376,val_336.JPEG
377,val_9400.JPEG
378,val_8180.JPEG
379,val_1751.JPEG
380,val_4163.JPEG
381,val_2107.JPEG
382,val_3143.JPEG
383,val_6276.JPEG
384,val_1805.JPEG
385,val_5686.JPEG
386,val_8884.JPEG
387,val_472.JPEG
388,val_818.JPEG
389,val_4207.JPEG
390,val_8768.JPEG
391,val_3024.JPEG
392,val_3792.JPEG
393,val_7469.JPEG
394,val_8177.JPEG
395,val_1461.JPEG
396,val_652.JPEG
397,val_9439.JPEG
398,val_2947.JPEG
399,val_2493.JPEG
400,val_4554.JPEG
401,val_3542.JPEG
402,val_7180.JPEG
403,val_928.JPEG
404,val_7779.JPEG
405,val_776.JPEG
406,val_6562.JPEG
407,val_4527.JPEG
408,val_3439.JPEG
409,val_2147.JPEG
410,val_2207.JPEG
411,val_4936.JPEG
412,val_3484.JPEG
413,val_65.JPEG
414,val_6082.JPEG
415,val_5240.JPEG
416,val_2432.JPEG
417,val_3241.JPEG
418,val_2367.JPEG
419,val_4844.JPEG
420,val_1121.JPEG
421,val_2227.JPEG
422,val_1940.JPEG
423,val_4165.JPEG
424,val_3308.JPEG
425,val_9437.JPEG
426,val_2012.JPEG
427,val_2997.JPEG
428,val_281.JPEG
429,val_1526.JPEG
430,val_4010.JPEG
431,val_5587.JPEG
432,val_7809.JPEG
433,val_6311.JPEG
434,val_8985.JPEG
435,val_6525.JPEG
436,val_9527.JPEG
437,val_9885.JPEG
438,val_3687.JPEG
439,val_9431.JPEG
440,val_9133.JPEG
441,val_1258.JPEG
442,val_4039.JPEG
443,val_3047.JPEG
444,val_6446.JPEG
445,val_1101.JPEG
446,val_9972.JPEG
447,val_9005.JPEG
448,val_7864.JPEG
449,val_2100.JPEG
450,val_323.JPEG
451,val_8313.JPEG
452,val_4732.JPEG
453,val_6739.JPEG
454,val_3059.JPEG
455,val_2790.JPEG
456,val_1848.JPEG
457,val_6402.JPEG
458,val_6483.JPEG
459,val_1525.JPEG
460,val_3967.JPEG
461,val_7292.JPEG
462,val_6676.JPEG
463,val_4847.JPEG
464,val_3057.JPEG
465,val_5482.JPEG
466,val_2068.JPEG
467,val_1429.JPEG
468,val_2054.JPEG
469,val_7139.JPEG
470,val_9489.JPEG
471,val_2201.JPEG
472,val_7231.JPEG
473,val_1618.JPEG
474,val_5791.JPEG
475,val_5822.JPEG
476,val_9196.JPEG
477,val_6178.JPEG
478,val_2213.JPEG
479,val_3560.JPEG
480,val_3690.JPEG
481,val_3090.JPEG
482,val_8435.JPEG
483,val_4925.JPEG
484,val_1242.JPEG
485,val_6073.JPEG
486,val_2369.JPEG
487,val_7882.JPEG
488,val_5960.JPEG
489,val_594.JPEG
490,val_6932.JPEG
491,val_6271.JPEG
492,val_6394.JPEG
493,val_4060.JPEG
494,val_7758.JPEG
495,val_9816.JPEG
496,val_9424.JPEG
497,val_5045.JPEG
498,val_682.JPEG
499,val_2443.JPEG
500,val_1380.JPEG
501,val_1517.JPEG
502,val_3009.JPEG
503,val_1826.JPEG
504,val_7476.JPEG
505,val_6340.JPEG
506,val_410.JPEG
507,val_2414.JPEG
508,val_2824.JPEG
509,val_1115.JPEG
510,val_9552.JPEG
511,val_8846.JPEG
512,val_3871.JPEG
513,val_8539.JPEG
514,val_5614.JPEG
515,val_4428.JPEG
516,val_7693.JPEG
517,val_9436.JPEG
518,val_5903.JPEG
519,val_7547.JPEG
520,val_5735.JPEG
521,val_6006.JPEG
522,val_4961.JPEG
523,val_4758.JPEG
524,val_3812.JPEG
525,val_9580.JPEG
526,val_7875.JPEG
527,val_632.JPEG
528,val_261.JPEG
529,val_5461.JPEG
530,val_2001.JPEG
531,val_6163.JPEG
532,val_8228.JPEG
533,val_359.JPEG
534,val_6198.JPEG
535,val_3709.JPEG
536,val_6157.JPEG
537,val_221.JPEG
538,val_4392.JPEG
539,val_4519.JPEG
540,val_8199.JPEG
541,val_6530.JPEG
542,val_7900.JPEG
543,val_6260.JPEG
544,val_5578.JPEG
545,val_6062.JPEG
546,val_6706.JPEG
547,val_6342.JPEG
548,val_2248.JPEG
549,val_4771.JPEG
550,val_2290.JPEG
551,val_9711.JPEG
552,val_3173.JPEG
553,val_3487.JPEG
554,val_2395.JPEG
555,val_8381.JPEG
556,val_3342.JPEG
557,val_4596.JPEG
558,val_4768.JPEG
559,val_2212.JPEG
560,val_9106.JPEG
561,val_9394.JPEG
562,val_4733.JPEG
563,val_6210.JPEG
564,val_7177.JPEG
565,val_1650.JPEG
566,val_1849.JPEG
567,val_877.JPEG
568,val_5938.JPEG
569,val_5101.JPEG
570,val_1942.JPEG
571,val_1697.JPEG
572,val_200.JPEG
573,val_1886.JPEG
574,val_5595.JPEG
575,val_5835.JPEG
576,val_1672.JPEG
577,val_598.JPEG
578,val_5480.JPEG
579,val_7626.JPEG
580,val_2836.JPEG
581,val_8181.JPEG
582,val_5854.JPEG
583,val_5727.JPEG
584,val_1777.JPEG
585,val_4254.JPEG
586,val_5153.JPEG
587,val_675.JPEG
588,val_4553.JPEG
589,val_4933.JPEG
590,val_6836.JPEG
591,val_2055.JPEG
592,val_4295.JPEG
593,val_2296.JPEG
594,val_4222.JPEG
595,val_9513.JPEG
596,val_7385.JPEG
597,val_4322.JPEG
598,val_4092.JPEG
599,val_3082.JPEG
600,val_4749.JPEG
601,val_7991.JPEG
602,val_9476.JPEG
603,val_138.JPEG
604,val_9587.JPEG
605,val_6697.JPEG
606,val_2811.JPEG
607,val_4136.JPEG
608,val_3563.JPEG
609,val_6365.JPEG
610,val_3685.JPEG
611,val_8611.JPEG
612,val_8274.JPEG
613,val_1071.JPEG
614,val_1769.JPEG
615,val_8609.JPEG
616,val_8498.JPEG
617,val_299.JPEG
618,val_6595.JPEG
619,val_5616.JPEG
620,val_5326.JPEG
621,val_2289.JPEG
622,val_3069.JPEG
623,val_5078.JPEG
624,val_3972.JPEG
625,val_8426.JPEG
626,val_1127.JPEG
627,val_9927.JPEG
628,val_2533.JPEG
629,val_8983.JPEG
630,val_6822.JPEG
631,val_4139.JPEG
632,val_7424.JPEG
633,val_4064.JPEG
634,val_1624.JPEG
635,val_9037.JPEG
636,val_8108.JPEG
637,val_8953.JPEG
638,val_1212.JPEG
639,val_5617.JPEG
640,val_4683.JPEG
641,val_3111.JPEG
642,val_8445.JPEG
643,val_9253.JPEG
644,val_8703.JPEG
645,val_3449.JPEG
646,val_9900.JPEG
647,val_8616.JPEG
648,val_7163.JPEG
649,val_5993.JPEG
650,val_4713.JPEG
651,val_7452.JPEG
652,val_9718.JPEG
653,val_9364.JPEG
654,val_8197.JPEG
655,val_1753.JPEG
656,val_3462.JPEG
657,val_2505.JPEG
658,val_199.JPEG
659,val_8256.JPEG
660,val_6650.JPEG
661,val_7181.JPEG
662,val_9910.JPEG
663,val_5170.JPEG
664,val_1773.JPEG
665,val_9185.JPEG
666,val_2694.JPEG
667,val_4813.JPEG
668,val_4247.JPEG
669,val_6002.JPEG
670,val_3908.JPEG
671,val_3657.JPEG
672,val_6126.JPEG
673,val_8074.JPEG
674,val_3966.JPEG
675,val_5917.JPEG
676,val_9007.JPEG
677,val_8762.JPEG
678,val_5796.JPEG
679,val_5417.JPEG
680,val_6395.JPEG
681,val_9750.JPEG
682,val_7313.JPEG
683,val_3863.JPEG
684,val_420.JPEG
685,val_3421.JPEG
686,val_223.JPEG
687,val_7444.JPEG
688,val_7891.JPEG
689,val_9134.JPEG
690,val_5667.JPEG
691,val_9657.JPEG
692,val_7636.JPEG
693,val_9293.JPEG
694,val_8891.JPEG
695,val_1733.JPEG
696,val_6942.JPEG
697,val_7337.JPEG
698,val_9745.JPEG
699,val_2386.JPEG
700,val_1864.JPEG
701,val_1318.JPEG
702,val_5513.JPEG
703,val_9295.JPEG
704,val_7026.JPEG
705,val_3756.JPEG
706,val_9284.JPEG
707,val_6610.JPEG
708,val_4174.JPEG
709,val_4252.JPEG
710,val_4031.JPEG
711,val_9326.JPEG
712,val_6733.JPEG
713,val_493.JPEG
714,val_2597.JPEG
715,val_812.JPEG
716,val_5751.JPEG
717,val_5413.JPEG
718,val_1961.JPEG
719,val_1573.JPEG
720,val_1829.JPEG
721,val_4472.JPEG
722,val_197.JPEG
723,val_8122.JPEG
724,val_114.JPEG
725,val_1623.JPEG
726,val_9041.JPEG
727,val_4585.JPEG
728,val_6019.JPEG
729,val_9396.JPEG
730,val_8704.JPEG
731,val_3116.JPEG
732,val_2108.JPEG
733,val_2129.JPEG
734,val_8546.JPEG
735,val_4848.JPEG
736,val_8262.JPEG
737,val_974.JPEG
738,val_9706.JPEG
739,val_1047.JPEG
740,val_9516.JPEG
741,val_5419.JPEG
742,val_3854.JPEG
743,val_7865.JPEG
744,val_9919.JPEG
745,val_702.JPEG
746,val_8540.JPEG
747,val_399.JPEG
748,val_8763.JPEG
749,val_664.JPEG
750,val_980.JPEG
751,val_2308.JPEG
752,val_940.JPEG
753,val_2161.JPEG
754,val_1171.JPEG
755,val_5714.JPEG
756,val_2989.JPEG
757,val_2388.JPEG
758,val_1966.JPEG
759,val_5148.JPEG
760,val_6880.JPEG
761,val_8303.JPEG
762,val_2799.JPEG
763,val_4048.JPEG
764,val_6818.JPEG
765,val_2612.JPEG
766,val_2716.JPEG
767,val_9588.JPEG
768,val_3079.JPEG
769,val_4642.JPEG
770,val_8648.JPEG
771,val_8477.JPEG
772,val_7137.JPEG
773,val_946.JPEG
774,val_802.JPEG
775,val_9004.JPEG
776,val_1122.JPEG
777,val_8401.JPEG
778,val_9835.JPEG
779,val_3832.JPEG
780,val_4205.JPEG
781,val_6018.JPEG
782,val_2828.JPEG
783,val_5313.JPEG
784,val_6842.JPEG
785,val_6459.JPEG
786,val_5660.JPEG
787,val_5554.JPEG
788,val_8887.JPEG
789,val_4650.JPEG
790,val_2886.JPEG
791,val_6017.JPEG
792,val_6060.JPEG
793,val_4177.JPEG
794,val_5386.JPEG
795,val_8915.JPEG
796,val_8736.JPEG
797,val_8388.JPEG
798,val_5750.JPEG
799,val_6305.JPEG
800,val_6482.JPEG
801,val_6207.JPEG
802,val_7718.JPEG
803,val_8943.JPEG
804,val_6795.JPEG
805,val_7930.JPEG
806,val_9304.JPEG
807,val_7028.JPEG
808,val_2845.JPEG
809,val_5427.JPEG
810,val_5664.JPEG
811,val_2197.JPEG
812,val_1847.JPEG
813,val_9226.JPEG
814,val_9995.JPEG
815,val_7828.JPEG
816,val_1250.JPEG
817,val_7369.JPEG
818,val_7403.JPEG
819,val_6569.JPEG
820,val_5059.JPEG
821,val_1757.JPEG
822,val_3295.JPEG
823,val_5010.JPEG
824,val_3608.JPEG
825,val_6898.JPEG
826,val_8200.JPEG
827,val_3000.JPEG
828,val_4711.JPEG
829,val_5106.JPEG
830,val_7445.JPEG
831,val_4837.JPEG
832,val_6763.JPEG
833,val_1167.JPEG
834,val_9404.JPEG
835,val_6958.JPEG
836,val_7717.JPEG
837,val_8043.JPEG
838,val_3053.JPEG
839,val_1739.JPEG
840,val_3546.JPEG
841,val_5934.JPEG
842,val_1556.JPEG
843,val_1012.JPEG
844,val_2195.JPEG
845,val_2562.JPEG
846,val_235.JPEG
847,val_6755.JPEG
848,val_8387.JPEG
849,val_4979.JPEG
850,val_5184.JPEG
851,val_1943.JPEG
852,val_2919.JPEG
853,val_2066.JPEG
854,val_2433.JPEG
855,val_4388.JPEG
856,val_8433.JPEG
857,val_729.JPEG
858,val_6720.JPEG
859,val_230.JPEG
860,val_4210.JPEG
861,val_3514.JPEG
862,val_1159.JPEG
863,val_9539.JPEG
864,val_449.JPEG
865,val_1820.JPEG
866,val_2275.JPEG
867,val_8789.JPEG
868,val_9989.JPEG
869,val_6179.JPEG
870,val_3428.JPEG
871,val_4581.JPEG
872,val_4105.JPEG
873,val_2053.JPEG
874,val_9223.JPEG
875,val_9553.JPEG
876,val_6411.JPEG
877,val_6716.JPEG
878,val_9445.JPEG
879,val_3340.JPEG
880,val_5707.JPEG
881,val_3106.JPEG
882,val_4728.JPEG
883,val_9551.JPEG
884,val_2876.JPEG
885,val_8754.JPEG
886,val_5117.JPEG
887,val_9772.JPEG
888,val_6152.JPEG
889,val_5288.JPEG
890,val_4969.JPEG
891,val_9242.JPEG
892,val_9695.JPEG
893,val_8853.JPEG
894,val_2686.JPEG
895,val_4609.JPEG
896,val_8895.JPEG
897,val_9397.JPEG
898,val_5227.JPEG
899,val_7901.JPEG
900,val_4127.JPEG
901,val_3861.JPEG
902,val_4939.JPEG
903,val_1831.JPEG
904,val_7420.JPEG
905,val_4665.JPEG
906,val_2725.JPEG
907,val_7076.JPEG
908,val_5433.JPEG
909,val_6934.JPEG
910,val_2498.JPEG
911,val_7500.JPEG
912,val_8600.JPEG
913,val_8622.JPEG
914,val_7189.JPEG
915,val_9641.JPEG
916,val_1925.JPEG
917,val_5467.JPEG
918,val_4681.JPEG
919,val_3240.JPEG
920,val_2446.JPEG
921,val_3624.JPEG
922,val_7480.JPEG
923,val_9249.JPEG
924,val_3023.JPEG
925,val_5193.JPEG
926,val_3968.JPEG
927,val_3781.JPEG
928,val_2517.JPEG
929,val_5140.JPEG
930,val_4342.JPEG
931,val_4674.JPEG
932,val_3368.JPEG
933,val_5641.JPEG
934,val_6672.JPEG
935,val_6371.JPEG
936,val_5914.JPEG
937,val_6749.JPEG
938,val_6613.JPEG
939,val_6159.JPEG
940,val_4026.JPEG
941,val_94.JPEG
942,val_1707.JPEG
943,val_4896.JPEG
944,val_2278.JPEG
945,val_3329.JPEG
946,val_9333.JPEG
947,val_312.JPEG
948,val_3997.JPEG
949,val_2088.JPEG
950,val_3790.JPEG
951,val_1059.JPEG
952,val_6003.JPEG
953,val_5490.JPEG
954,val_6761.JPEG
955,val_5519.JPEG
956,val_4440.JPEG
957,val_3417.JPEG
958,val_5462.JPEG
959,val_3979.JPEG
960,val_3114.JPEG
961,val_4703.JPEG
962,val_7784.JPEG
963,val_1358.JPEG
964,val_6030.JPEG
965,val_8741.JPEG
966,val_4735.JPEG
967,val_4486.JPEG
968,val_4237.JPEG
969,val_92.JPEG
970,val_4246.JPEG
971,val_2744.JPEG
972,val_9453.JPEG
973,val_4396.JPEG
974,val_7141.JPEG
975,val_3707.JPEG
976,val_3012.JPEG
977,val_1982.JPEG
978,val_8144.JPEG
979,val_3384.JPEG
980,val_1091.JPEG
981,val_5777.JPEG
982,val_1141.JPEG
983,val_3737.JPEG
984,val_4997.JPEG
985,val_9359.JPEG
986,val_3607.JPEG
987,val_5905.JPEG
988,val_7722.JPEG
989,val_1068.JPEG
990,val_6192.JPEG
991,val_9990.JPEG
992,val_4117.JPEG
993,val_1283.JPEG
994,val_4372.JPEG
995,val_1029.JPEG
996,val_4393.JPEG
997,val_7994.JPEG
998,val_9148.JPEG
999,val_2734.JPEG
1000,val_107.JPEG
1001,val_3858.JPEG
1002,val_5401.JPEG
1003,val_3585.JPEG
1004,val_5574.JPEG
1005,val_3184.JPEG
1006,val_5206.JPEG
1007,val_9050.JPEG
1008,val_9622.JPEG
1009,val_2606.JPEG
1010,val_6028.JPEG
1011,val_7481.JPEG
1012,val_5894.JPEG
1013,val_7564.JPEG
1014,val_1635.JPEG
1015,val_7786.JPEG
1016,val_4730.JPEG
1017,val_9965.JPEG
1018,val_4755.JPEG
1019,val_9247.JPEG
1020,val_7319.JPEG
1021,val_3253.JPEG
1022,val_9549.JPEG
1023,val_6247.JPEG
1024,val_5133.JPEG
1025,val_9392.JPEG
1026,val_2.JPEG
1027,val_6940.JPEG
1028,val_6803.JPEG
1029,val_6320.JPEG
1030,val_4402.JPEG
1031,val_8753.JPEG
1032,val_1017.JPEG
1033,val_6602.JPEG
1034,val_8782.JPEG
1035,val_1945.JPEG
1036,val_909.JPEG
1037,val_4002.JPEG
1038,val_7204.JPEG
1039,val_9043.JPEG
1040,val_7449.JPEG
1041,val_9518.JPEG
1042,val_559.JPEG
1043,val_2534.JPEG
1044,val_1196.JPEG
1045,val_8932.JPEG
1046,val_9788.JPEG
1047,val_7817.JPEG
1048,val_3829.JPEG
1049,val_2368.JPEG
1050,val_8681.JPEG
1051,val_8428.JPEG
1052,val_850.JPEG
1053,val_3701.JPEG
1054,val_2653.JPEG
1055,val_6773.JPEG
1056,val_4834.JPEG
1057,val_3328.JPEG
1058,val_7002.JPEG
1059,val_1750.JPEG
1060,val_8293.JPEG
1061,val_770.JPEG
1062,val_1326.JPEG
1063,val_8420.JPEG
1064,val_9781.JPEG
1065,val_5214.JPEG
1066,val_4882.JPEG
1067,val_2391.JPEG
1068,val_9363.JPEG
1069,val_9036.JPEG
1070,val_2622.JPEG
1071,val_8538.JPEG
1072,val_9342.JPEG
1073,val_2527.JPEG
1074,val_800.JPEG
1075,val_9957.JPEG
1076,val_8769.JPEG
1077,val_6405.JPEG
1078,val_1962.JPEG
1079,val_9235.JPEG
1080,val_5261.JPEG
1081,val_6051.JPEG
1082,val_6267.JPEG
1083,val_8630.JPEG
1084,val_6175.JPEG
1085,val_3881.JPEG
1086,val_3954.JPEG
1087,val_4671.JPEG
1088,val_8624.JPEG
1089,val_9528.JPEG
1090,val_2816.JPEG
1091,val_5907.JPEG
1092,val_6830.JPEG
1093,val_3570.JPEG
1094,val_2972.JPEG
1095,val_8075.JPEG
1096,val_4836.JPEG
1097,val_2649.JPEG
1098,val_5446.JPEG
1099,val_8318.JPEG
1100,val_1807.JPEG
1101,val_7567.JPEG
1102,val_8730.JPEG
1103,val_8512.JPEG
1104,val_8740.JPEG
1105,val_8273.JPEG
1106,val_6680.JPEG
1107,val_2979.JPEG
1108,val_5008.JPEG
1109,val_5020.JPEG
1110,val_6208.JPEG
1111,val_4937.JPEG
1112,val_7078.JPEG
1113,val_565.JPEG
1114,val_8112.JPEG
1115,val_5353.JPEG
1116,val_7166.JPEG
1117,val_7595.JPEG
1118,val_1377.JPEG
1119,val_8585.JPEG
1120,val_6170.JPEG
1121,val_5226.JPEG
1122,val_5629.JPEG
1123,val_6444.JPEG
1124,val_4946.JPEG
1125,val_9488.JPEG
1126,val_791.JPEG
1127,val_795.JPEG
1128,val_6036.JPEG
1129,val_2253.JPEG
1130,val_4678.JPEG
1131,val_6230.JPEG
1132,val_4168.JPEG
1133,val_8059.JPEG
1134,val_4306.JPEG
1135,val_2966.JPEG
1136,val_468.JPEG
1137,val_3951.JPEG
1138,val_6781.JPEG
1139,val_6651.JPEG
1140,val_2401.JPEG
1141,val_2741.JPEG
1142,val_9993.JPEG
1143,val_431.JPEG
1144,val_1248.JPEG
1145,val_2313.JPEG
1146,val_9986.JPEG
1147,val_7353.JPEG
1148,val_3999.JPEG
1149,val_5399.JPEG
1150,val_749.JPEG
1151,val_8749.JPEG
1152,val_7394.JPEG
1153,val_6557.JPEG
1154,val_6463.JPEG
1155,val_1140.JPEG
1156,val_2057.JPEG
1157,val_3175.JPEG
1158,val_1958.JPEG
1159,val_3007.JPEG
1160,val_7220.JPEG
1161,val_7264.JPEG
1162,val_8708.JPEG
1163,val_3347.JPEG
1164,val_576.JPEG
1165,val_8398.JPEG
1166,val_7421.JPEG
1167,val_4578.JPEG
1168,val_9689.JPEG
1169,val_6563.JPEG
1170,val_7015.JPEG
1171,val_5069.JPEG
1172,val_3212.JPEG
1173,val_7174.JPEG
1174,val_7744.JPEG
1175,val_7917.JPEG
1176,val_3567.JPEG
1177,val_2082.JPEG
1178,val_1163.JPEG
1179,val_1854.JPEG
1180,val_2335.JPEG
1181,val_1685.JPEG
1182,val_6930.JPEG
1183,val_6615.JPEG
1184,val_1809.JPEG
1185,val_7563.JPEG
1186,val_8829.JPEG
1187,val_2283.JPEG
1188,val_1067.JPEG
1189,val_41.JPEG
1190,val_2241.JPEG
1191,val_8259.JPEG
1192,val_8818.JPEG
1193,val_8459.JPEG
1194,val_3432.JPEG
1195,val_7522.JPEG
1196,val_901.JPEG
1197,val_3539.JPEG
1198,val_9713.JPEG
1199,val_5807.JPEG
1200,val_6134.JPEG
1201,val_8926.JPEG
1202,val_4044.JPEG
1203,val_2925.JPEG
1204,val_2880.JPEG
1205,val_4259.JPEG
1206,val_7286.JPEG
1207,val_4531.JPEG
1208,val_6702.JPEG
1209,val_2805.JPEG
1210,val_7841.JPEG
1211,val_2819.JPEG
1212,val_8511.JPEG
1213,val_9639.JPEG
1214,val_3016.JPEG
1215,val_2582.JPEG
1216,val_8977.JPEG
1217,val_7378.JPEG
1218,val_7.JPEG
1219,val_6467.JPEG
1220,val_7731.JPEG
1221,val_6245.JPEG
1222,val_5996.JPEG
1223,val_8577.JPEG
1224,val_6623.JPEG
1225,val_7367.JPEG
1226,val_7274.JPEG
1227,val_7983.JPEG
1228,val_6155.JPEG
1229,val_8848.JPEG
1230,val_9625.JPEG
1231,val_4504.JPEG
1232,val_833.JPEG
1233,val_6049.JPEG
1234,val_9857.JPEG
1235,val_2217.JPEG
1236,val_5357.JPEG
1237,val_5527.JPEG
1238,val_4727.JPEG
1239,val_7674.JPEG
1240,val_8406.JPEG
1241,val_9104.JPEG
1242,val_6391.JPEG
1243,val_7262.JPEG
1244,val_2130.JPEG
1245,val_5496.JPEG
1246,val_9442.JPEG
1247,val_9022.JPEG
1248,val_4191.JPEG
1249,val_1611.JPEG
1250,val_2502.JPEG
1251,val_6823.JPEG
1252,val_9189.JPEG
1253,val_5674.JPEG
1254,val_164.JPEG
1255,val_6493.JPEG
1256,val_6581.JPEG
1257,val_3507.JPEG
1258,val_4853.JPEG
1259,val_529.JPEG
1260,val_5638.JPEG
1261,val_3375.JPEG
1262,val_8019.JPEG
1263,val_512.JPEG
1264,val_4827.JPEG
1265,val_9341.JPEG
1266,val_5697.JPEG
1267,val_4194.JPEG
1268,val_3867.JPEG
1269,val_238.JPEG
1270,val_3876.JPEG
1271,val_4764.JPEG
1272,val_4921.JPEG
1273,val_6418.JPEG
1274,val_9948.JPEG
1275,val_6048.JPEG
1276,val_4239.JPEG
1277,val_5832.JPEG
1278,val_990.JPEG
1279,val_8991.JPEG
1280,val_129.JPEG
1281,val_9373.JPEG
1282,val_5604.JPEG
1283,val_3722.JPEG
1284,val_3901.JPEG
1285,val_1645.JPEG
1286,val_2522.JPEG
1287,val_6540.JPEG
1288,val_3377.JPEG
1289,val_4309.JPEG
1290,val_761.JPEG
1291,val_9368.JPEG
1292,val_3581.JPEG
1293,val_4601.JPEG
1294,val_8992.JPEG
1295,val_530.JPEG
1296,val_8006.JPEG
1297,val_1986.JPEG
1298,val_9934.JPEG
1299,val_9928.JPEG
